exp_id,code,data_split,best_epochs,test_metrics,status
EXP-PV-PILOT-3CLS-30E,"train_image_pv.py (3-class, ~30-epoch regime)","PlantVillage 2152, 1721/215/216, seed 42",report.md: M1 best ep16/M2 ep3/M3 ep4,M1 .9907/M2 1.0/M3 1.0/Ens 1.0,SUPERSEDED pilot; healthy=16 test only
EXP-PV-4CLS-16E,train_image_pv.py --epochs 16 (4-class +600 coco),"PlantVillage_train/val/test.csv 2201/275/276, seed 42",PV_report.md: M1 16/16 best ep14; M2 stop ep12/best ep4; M3 stop ep10/best ep2,M1 .9855/M2 1.0/M3 1.0/Ens 1.0,FINAL lab baseline
EXP-IR-4CLS-25E,train_image.py --epochs 25 --resume (4-class +600 coco),"Irish_balanced_train/val/test.csv 7840/980/981, seed 42, RTX3060",IR_report.md: M1 stop ep13; M2 stop ep11; M3 25/25 best ep5 F1 .9992,M1 .9633/M2 .9990/M3 .9990/Ens .9990,FINAL field (deployed)
EXP-XDOMAIN-001,cross-eval frozen best.pt both directions,PV test n=276; Irish test n=981,cross_domain.json,PV->Irish ens .3721; Irish->PV ens .4783,Symmetric collapse = shortcut learning
EXP-GROUPED-AUDIT-001,make_grouped_split.py proxy-session bands,"Irish_grouped_train/val/test.csv 7858/981/962, 749 groups, seed 42",grouped_split_audit.json,OLD random: 143/204 test groups also in train; NEW: 0 leak,P0-1; re-eval frozen weights next (no retrain)
EXP-UNCERT-001,uncertainty.py Wilson+bootstrap from confusions,outputs_image/metrics.json,uncertainty_supplement.json,"M2/M3/Ens acc .99898 Wilson95 [.99425,.99982] boot [.99694,1.0]",P0-2; ECE/Brier need proba dumps (P0-4)
EXP-FULLSPLIT-001,scripts/build_full_splits.py proxy bands seed 42,"Irish_full_grouped_train/val/test.csv 47590/5859/5860, 1188 groups",splits_hash_full.json,"pool 59309 (17772/20438/20499/600), 0 group leak; manifest+SHA recorded",DONE prep (report_2.md)
EXP-TRACKA-PLANNED,train_image.py --out-dir outputs_irish_grouped (grouped 9k retrain),"Irish_grouped_train/val/test.csv (remapped live, 7857/981/962; 34 _1->base fallbacks, 1 corrupt dropped)",report_2.md §2 Track A,"DONE 2026-09-25: M1 stop (best F1 .97); M2 stop ep17 (best ep10 .9967); M3 stop ep23 (best ep16 .9966). Grouped test n=962: M1 .9678/M2 .9854/M3 .9896/Ens .9865"
EXP-FROZEN-AUDIT-002,scripts/frozen_audit.py (old outputs_image weights -> grouped test),Irish_grouped_test.csv n=962,outputs_irish_grouped/frozen_audit.json,"OLD weights collapse: M1 .3898/M2 .3919/M3 .4023/Ens .3929 vs grouped-trained M3 .9896 — leakage proof (audit, NOT formal)"
EXP-CALIB-001,scripts/calibrate.py on outputs_irish_grouped/val_probas.npz (VAL only),grouped val n=981,outputs_irish_grouped/calibration.json,"T .30-.35; ECE .15-.18 -> .002-.005; Brier .009-.017; test-diagnostic ECE .145-.171 -> .007-.017"
EXP-CLOSEOUT-001,"scripts/error_review.py (12 ens errors, M3 Grad-CAM) + scripts/fit_threshold.py (Youden J on val)",grouped test n=962 / val n=981,"outputs_irish_grouped/gradcam_errors/ + errors.json + thresholds.json","errors all early-blight boundary (8 E->L, 2 L->E, 2 E->H); attention lesion-localized, dew mimicry 1 case; gate locked ent 0.17 (catch .50/loss .024, cov .9725)"
EXP-EXT-001,"scripts/fetch_mendeley.py + folder mapping (paper Table 1 counts + visual) + scripts/eval_external.py",central_java 3076 (sha-verified) + ethiopia 430 + bari-originals 84,EXT_report.md + ext_java/eth_bari_results.json,"Java: phyto->LB 55%, bacteria->NonLeaf 93%, healthy->H 23%; Ethiopia: H 78%, LB 81%; BARI tiny but consistent; no label forcing"
EXP-OPENSET-001,"OI v7 subset (664/800, 429+404 losses) + WE3DS 320 (md5 ok) + PlantDoc 195 -> review_pass (1179 kept, 0 dropped)",non_leaf_openset.csv locked sha 89f9f6 (590),ext_openset_results.json,"reject: animals/phone ~100%, crops 96%, soil 91%, leaves 72%; human visual review still open"
EXP-TRACKB-DONE,train_image.py --epochs 25 --full-epochs --out-dir outputs_irish_full (47.6k),"Irish_full_grouped_*.csv (deep-cleaned, 47586/5859/5860)",outputs_irish_full/metrics.json,"M1 .9713/M2 .9927/M3 .9949/Ens .9855 (n=5860); non-leaf precision collapse (M1 .28/Ens .43, recall 1.0) from 99x weight; M3 best single"
EXP-CALIB-FULL-001,scripts/calibrate.py on outputs_irish_full/val_probas.npz,full val n=5859,outputs_irish_full/calibration.json,"ECE .45-.47 -> .27-.34, T hit grid floor 0.2: temperature scaling INSUFFICIENT — 99x weight distorts probs; needs oversampling/focal fix (future work)"
EXP-COMBINED-001,train_image.py --full-epochs --out-dir outputs_combined (PV 2201 + Irish 7857),"combined_train 10058/val 1256; Irish grouped test 962 + PV test 276",outputs_combined/metrics_irish_grouped_test.json + metrics_pv_test.json,"Irish: M1 .9740/M2 .9823/M3 .9906/Ens .9875; PV: M1 .9783/M2 1.0/M3 1.0/Ens 1.0 — one family covers both domains"
EXP-CORRUPT-001,scripts/corrupt_eval.py (300 grouped-test imgs, 6 corruptions, combined weights),Irish grouped subset,outputs_combined/corruption_results.json,"M3/Ens flat: worst bright 0.9833; M1 dips bright 0.8833; robust"
EXP-EXT-COMBINED-001,scripts/eval_external.py with outputs_combined weights,"Java 3076 + eth/bari 514 + openset 590",ext_java/eth_bari/openset_combined.json,"Ethiopia H 85% LB 100%; Java phyto->LB 76%; BARI uncertain (90-100% unk); openset animals/phone 100%, leaves 64%; SOIL REGRESSION: soil->Healthy 59%"
EXP-VERDICT-001,evidence review (grouped+full+external+corrupt+latency),all metrics+audits,answer.md Q45 + IR_report §9,"Deploy single M3 (combined weights); drop ensemble + M1 vote; quality gate future; segmentation not required"
EXP-M1B-DONE,train_image.py m1 --drop 0.2 --m1-lr 2e-3 --oversample --loss focal --full-epochs --out-dir outputs_m1b_full,full grouped splits,outputs_m1b_full/metrics.json + calibration.json,"M1B acc .9942 F1 .9956 MCC .9914 (non-leaf 1.00/1.00 — precision collapse FIXED); ECE .167 -> .0037 @T .35 (calibration fix PROVEN)"
EXP-TRACKB-PLANNED,train_image.py --out-dir outputs_irish_full (full 58k run),"Irish_full_grouped_*.csv + splits_hash_full.json",report_2.md §2 Track B,"PLANNED — 40-60h full-res; use 512px mirror (~4x) or accept multi-day window"
EXP-ROBUST-001,"train_image.py --epochs 25 --full-epochs --models m1 m2 m3 --train-csv robust_train.csv --val-csv robust_val.csv --test-csv robust_ext_test.csv --out-dir outputs_robust --seed 42 (+eval-only PV/Irish regression; fixed classification_report/labels bug for 3-class test)","robust 12079 train (combined 10058 + 2021 external: java/bari-ethiopia/plantdoc/nonleaf-v2, hash-deduped, 0 holdout leak) / 1613 val / 446 ext test; PV276 + Irish962 regression","M1 best ep23 F1 .9456 / M2 best ep21? F1 .9810 / M3 best ep18 F1 .9820; ext-test Ens acc .9529 wF1 ~.95 (M3 .9596); PV 100%; Irish 98.65%; T .55/.6/.6 ECE .015/.007/.006",DONE current candidate - deploy pending user tests
