filepath,native_label
D:\Potato\_staging\ethiopia\root\Local\Healthy\Healthy (10).jpg,ethiopia_healthy
D:\Potato\_staging\ethiopia\root\Local\Healthy\Healthy (11).jpg,ethiopia_healthy
D:\Potato\_staging\ethiopia\root\Local\Healthy\Healthy (12).jpg,ethiopia_healthy
D:\Potato\_staging\ethiopia\root\Local\Healthy\Healthy (13).jpg,ethiopia_healthy
D:\Potato\_staging\ethiopia\root\Local\Healthy\Healthy (14).jpg,ethiopia_healthy
D:\Potato\_staging\ethiopia\root\Local\Healthy\Healthy (15).jpg,ethiopia_healthy
D:\Potato\_staging\ethiopia\root\Local\Healthy\Healthy (16).jpg,ethiopia_healthy
D:\Potato\_staging\ethiopia\root\Local\Healthy\Healthy (17).jpg,ethiopia_healthy
D:\Potato\_staging\ethiopia\root\Local\Healthy\Healthy (179).jpg,ethiopia_healthy
D:\Potato\_staging\ethiopia\root\Local\Healthy\Healthy (18).jpg,ethiopia_healthy
D:\Potato\_staging\ethiopia\root\Local\Healthy\Healthy (180).jpg,ethiopia_healthy
D:\Potato\_staging\ethiopia\root\Local\Healthy\Healthy (181).jpg,ethiopia_healthy
D:\Potato\_staging\ethiopia\root\Local\Healthy\Healthy (182).jpg,ethiopia_healthy
D:\Potato\_staging\ethiopia\root\Local\Healthy\Healthy (183).jpg,ethiopia_healthy
D:\Potato\_staging\ethiopia\root\Local\Healthy\Healthy (184).jpg,ethiopia_healthy
D:\Potato\_staging\ethiopia\root\Local\Healthy\Healthy (185).jpg,ethiopia_healthy
D:\Potato\_staging\ethiopia\root\Local\Healthy\Healthy (186).jpg,ethiopia_healthy
D:\Potato\_staging\ethiopia\root\Local\Healthy\Healthy (187).jpg,ethiopia_healthy
D:\Potato\_staging\ethiopia\root\Local\Healthy\Healthy (188).jpg,ethiopia_healthy
D:\Potato\_staging\ethiopia\root\Local\Healthy\Healthy (189).jpg,ethiopia_healthy
D:\Potato\_staging\ethiopia\root\Local\Healthy\Healthy (19).jpg,ethiopia_healthy
D:\Potato\_staging\ethiopia\root\Local\Healthy\Healthy (190).jpg,ethiopia_healthy
D:\Potato\_staging\ethiopia\root\Local\Healthy\Healthy (191).jpg,ethiopia_healthy
D:\Potato\_staging\ethiopia\root\Local\Healthy\Healthy (192).jpg,ethiopia_healthy
D:\Potato\_staging\ethiopia\root\Local\Healthy\Healthy (193).jpg,ethiopia_healthy
D:\Potato\_staging\ethiopia\root\Local\Healthy\Healthy (194).jpg,ethiopia_healthy
D:\Potato\_staging\ethiopia\root\Local\Healthy\Healthy (195).jpg,ethiopia_healthy
D:\Potato\_staging\ethiopia\root\Local\Healthy\Healthy (196).jpg,ethiopia_healthy
D:\Potato\_staging\ethiopia\root\Local\Healthy\Healthy (197).jpg,ethiopia_healthy
D:\Potato\_staging\ethiopia\root\Local\Healthy\Healthy (198).jpg,ethiopia_healthy
D:\Potato\_staging\ethiopia\root\Local\Healthy\Healthy (199).jpg,ethiopia_healthy
D:\Potato\_staging\ethiopia\root\Local\Healthy\Healthy (2).jpg,ethiopia_healthy
D:\Potato\_staging\ethiopia\root\Local\Healthy\Healthy (20).jpg,ethiopia_healthy
D:\Potato\_staging\ethiopia\root\Local\Healthy\Healthy (200).jpg,ethiopia_healthy
D:\Potato\_staging\ethiopia\root\Local\Healthy\Healthy (201).jpg,ethiopia_healthy
D:\Potato\_staging\ethiopia\root\Local\Healthy\Healthy (202).jpg,ethiopia_healthy
D:\Potato\_staging\ethiopia\root\Local\Healthy\Healthy (203).jpg,ethiopia_healthy
D:\Potato\_staging\ethiopia\root\Local\Healthy\Healthy (204).jpg,ethiopia_healthy
D:\Potato\_staging\ethiopia\root\Local\Healthy\Healthy (205).jpg,ethiopia_healthy
D:\Potato\_staging\ethiopia\root\Local\Healthy\Healthy (206).jpg,ethiopia_healthy
D:\Potato\_staging\ethiopia\root\Local\Healthy\Healthy (207).jpg,ethiopia_healthy
D:\Potato\_staging\ethiopia\root\Local\Healthy\Healthy (208).jpg,ethiopia_healthy
D:\Potato\_staging\ethiopia\root\Local\Healthy\Healthy (209).jpg,ethiopia_healthy
D:\Potato\_staging\ethiopia\root\Local\Healthy\Healthy (21).jpg,ethiopia_healthy
D:\Potato\_staging\ethiopia\root\Local\Healthy\Healthy (210).jpg,ethiopia_healthy
D:\Potato\_staging\ethiopia\root\Local\Healthy\Healthy (211).jpg,ethiopia_healthy
D:\Potato\_staging\ethiopia\root\Local\Healthy\Healthy (212).jpg,ethiopia_healthy
D:\Potato\_staging\ethiopia\root\Local\Healthy\Healthy (213).jpg,ethiopia_healthy
D:\Potato\_staging\ethiopia\root\Local\Healthy\Healthy (214).jpg,ethiopia_healthy
D:\Potato\_staging\ethiopia\root\Local\Healthy\Healthy (215).jpg,ethiopia_healthy
D:\Potato\_staging\ethiopia\root\Local\Healthy\Healthy (216).jpg,ethiopia_healthy
D:\Potato\_staging\ethiopia\root\Local\Healthy\Healthy (217).jpg,ethiopia_healthy
D:\Potato\_staging\ethiopia\root\Local\Healthy\Healthy (218).jpg,ethiopia_healthy
D:\Potato\_staging\ethiopia\root\Local\Healthy\Healthy (219).jpg,ethiopia_healthy
D:\Potato\_staging\ethiopia\root\Local\Healthy\Healthy (22).jpg,ethiopia_healthy
D:\Potato\_staging\ethiopia\root\Local\Healthy\Healthy (220).jpg,ethiopia_healthy
D:\Potato\_staging\ethiopia\root\Local\Healthy\Healthy (221).jpg,ethiopia_healthy
D:\Potato\_staging\ethiopia\root\Local\Healthy\Healthy (222).jpg,ethiopia_healthy
D:\Potato\_staging\ethiopia\root\Local\Healthy\Healthy (223).jpg,ethiopia_healthy
D:\Potato\_staging\ethiopia\root\Local\Healthy\Healthy (224).jpg,ethiopia_healthy
D:\Potato\_staging\ethiopia\root\Local\Healthy\Healthy (225).jpg,ethiopia_healthy
D:\Potato\_staging\ethiopia\root\Local\Healthy\Healthy (226).jpg,ethiopia_healthy
D:\Potato\_staging\ethiopia\root\Local\Healthy\Healthy (227).jpg,ethiopia_healthy
D:\Potato\_staging\ethiopia\root\Local\Healthy\Healthy (228).jpg,ethiopia_healthy
D:\Potato\_staging\ethiopia\root\Local\Healthy\Healthy (229).jpg,ethiopia_healthy
D:\Potato\_staging\ethiopia\root\Local\Healthy\Healthy (23).jpg,ethiopia_healthy
D:\Potato\_staging\ethiopia\root\Local\Healthy\Healthy (230).jpg,ethiopia_healthy
D:\Potato\_staging\ethiopia\root\Local\Healthy\Healthy (231).jpg,ethiopia_healthy
D:\Potato\_staging\ethiopia\root\Local\Healthy\Healthy (232).jpg,ethiopia_healthy
D:\Potato\_staging\ethiopia\root\Local\Healthy\Healthy (233).jpg,ethiopia_healthy
D:\Potato\_staging\ethiopia\root\Local\Healthy\Healthy (234).jpg,ethiopia_healthy
D:\Potato\_staging\ethiopia\root\Local\Healthy\Healthy (235).jpg,ethiopia_healthy
D:\Potato\_staging\ethiopia\root\Local\Healthy\Healthy (236).jpg,ethiopia_healthy
D:\Potato\_staging\ethiopia\root\Local\Healthy\Healthy (237).jpg,ethiopia_healthy
D:\Potato\_staging\ethiopia\root\Local\Healthy\Healthy (238).jpg,ethiopia_healthy
D:\Potato\_staging\ethiopia\root\Local\Healthy\Healthy (239).jpg,ethiopia_healthy
D:\Potato\_staging\ethiopia\root\Local\Healthy\Healthy (24).jpg,ethiopia_healthy
D:\Potato\_staging\ethiopia\root\Local\Healthy\Healthy (240).jpg,ethiopia_healthy
D:\Potato\_staging\ethiopia\root\Local\Healthy\Healthy (241).jpg,ethiopia_healthy
D:\Potato\_staging\ethiopia\root\Local\Healthy\Healthy (242).jpg,ethiopia_healthy
D:\Potato\_staging\ethiopia\root\Local\Healthy\Healthy (243).jpg,ethiopia_healthy
D:\Potato\_staging\ethiopia\root\Local\Healthy\Healthy (244).jpg,ethiopia_healthy
D:\Potato\_staging\ethiopia\root\Local\Healthy\Healthy (245).jpg,ethiopia_healthy
D:\Potato\_staging\ethiopia\root\Local\Healthy\Healthy (246).jpg,ethiopia_healthy
D:\Potato\_staging\ethiopia\root\Local\Healthy\Healthy (247).jpg,ethiopia_healthy
D:\Potato\_staging\ethiopia\root\Local\Healthy\Healthy (248).jpg,ethiopia_healthy
D:\Potato\_staging\ethiopia\root\Local\Healthy\Healthy (249).jpg,ethiopia_healthy
D:\Potato\_staging\ethiopia\root\Local\Healthy\Healthy (25).jpg,ethiopia_healthy
D:\Potato\_staging\ethiopia\root\Local\Healthy\Healthy (250).jpg,ethiopia_healthy
D:\Potato\_staging\ethiopia\root\Local\Healthy\Healthy (251).jpg,ethiopia_healthy
D:\Potato\_staging\ethiopia\root\Local\Healthy\Healthy (252).jpg,ethiopia_healthy
D:\Potato\_staging\ethiopia\root\Local\Healthy\Healthy (253).jpg,ethiopia_healthy
D:\Potato\_staging\ethiopia\root\Local\Healthy\Healthy (254).jpg,ethiopia_healthy
D:\Potato\_staging\ethiopia\root\Local\Healthy\Healthy (255).jpg,ethiopia_healthy
D:\Potato\_staging\ethiopia\root\Local\Healthy\Healthy (256).jpg,ethiopia_healthy
D:\Potato\_staging\ethiopia\root\Local\Healthy\Healthy (257).jpg,ethiopia_healthy
D:\Potato\_staging\ethiopia\root\Local\Healthy\Healthy (258).jpg,ethiopia_healthy
D:\Potato\_staging\ethiopia\root\Local\Healthy\Healthy (259).jpg,ethiopia_healthy
D:\Potato\_staging\ethiopia\root\Local\Healthy\Healthy (26).jpg,ethiopia_healthy
D:\Potato\_staging\ethiopia\root\Local\Healthy\Healthy (260).jpg,ethiopia_healthy
D:\Potato\_staging\ethiopia\root\Local\Healthy\Healthy (261).jpg,ethiopia_healthy
D:\Potato\_staging\ethiopia\root\Local\Healthy\Healthy (262).jpg,ethiopia_healthy
D:\Potato\_staging\ethiopia\root\Local\Healthy\Healthy (263).jpg,ethiopia_healthy
D:\Potato\_staging\ethiopia\root\Local\Healthy\Healthy (264).jpg,ethiopia_healthy
D:\Potato\_staging\ethiopia\root\Local\Healthy\Healthy (265).jpg,ethiopia_healthy
D:\Potato\_staging\ethiopia\root\Local\Healthy\Healthy (266).jpg,ethiopia_healthy
D:\Potato\_staging\ethiopia\root\Local\Healthy\Healthy (267).jpg,ethiopia_healthy
D:\Potato\_staging\ethiopia\root\Local\Healthy\Healthy (268).jpg,ethiopia_healthy
D:\Potato\_staging\ethiopia\root\Local\Healthy\Healthy (269).jpg,ethiopia_healthy
D:\Potato\_staging\ethiopia\root\Local\Healthy\Healthy (27).jpg,ethiopia_healthy
D:\Potato\_staging\ethiopia\root\Local\Healthy\Healthy (270).jpg,ethiopia_healthy
D:\Potato\_staging\ethiopia\root\Local\Healthy\Healthy (271).jpg,ethiopia_healthy
D:\Potato\_staging\ethiopia\root\Local\Healthy\Healthy (272).jpg,ethiopia_healthy
D:\Potato\_staging\ethiopia\root\Local\Healthy\Healthy (273).jpg,ethiopia_healthy
D:\Potato\_staging\ethiopia\root\Local\Healthy\Healthy (274).jpg,ethiopia_healthy
D:\Potato\_staging\ethiopia\root\Local\Healthy\Healthy (275).jpg,ethiopia_healthy
D:\Potato\_staging\ethiopia\root\Local\Healthy\Healthy (276).jpg,ethiopia_healthy
D:\Potato\_staging\ethiopia\root\Local\Healthy\Healthy (277).jpg,ethiopia_healthy
D:\Potato\_staging\ethiopia\root\Local\Healthy\Healthy (278).jpg,ethiopia_healthy
D:\Potato\_staging\ethiopia\root\Local\Healthy\Healthy (279).jpg,ethiopia_healthy
D:\Potato\_staging\ethiopia\root\Local\Healthy\Healthy (280).jpg,ethiopia_healthy
D:\Potato\_staging\ethiopia\root\Local\Healthy\Healthy (281).jpg,ethiopia_healthy
D:\Potato\_staging\ethiopia\root\Local\Healthy\Healthy (282).jpg,ethiopia_healthy
D:\Potato\_staging\ethiopia\root\Local\Healthy\Healthy (283).jpg,ethiopia_healthy
D:\Potato\_staging\ethiopia\root\Local\Healthy\Healthy (284).jpg,ethiopia_healthy
D:\Potato\_staging\ethiopia\root\Local\Healthy\Healthy (285).jpg,ethiopia_healthy
D:\Potato\_staging\ethiopia\root\Local\Healthy\Healthy (286).jpg,ethiopia_healthy
D:\Potato\_staging\ethiopia\root\Local\Healthy\Healthy (287).jpg,ethiopia_healthy
D:\Potato\_staging\ethiopia\root\Local\Healthy\Healthy (288).jpg,ethiopia_healthy
D:\Potato\_staging\ethiopia\root\Local\Healthy\Healthy (289).jpg,ethiopia_healthy
D:\Potato\_staging\ethiopia\root\Local\Healthy\Healthy (290).jpg,ethiopia_healthy
D:\Potato\_staging\ethiopia\root\Local\Healthy\Healthy (291).jpg,ethiopia_healthy
D:\Potato\_staging\ethiopia\root\Local\Healthy\Healthy (292).jpg,ethiopia_healthy
D:\Potato\_staging\ethiopia\root\Local\Healthy\Healthy (293).jpg,ethiopia_healthy
D:\Potato\_staging\ethiopia\root\Local\Healthy\Healthy (294).jpg,ethiopia_healthy
D:\Potato\_staging\ethiopia\root\Local\Healthy\Healthy (295).jpg,ethiopia_healthy
D:\Potato\_staging\ethiopia\root\Local\Healthy\Healthy (296).jpg,ethiopia_healthy
D:\Potato\_staging\ethiopia\root\Local\Healthy\Healthy (297).jpg,ethiopia_healthy
D:\Potato\_staging\ethiopia\root\Local\Healthy\Healthy (298).jpg,ethiopia_healthy
D:\Potato\_staging\ethiopia\root\Local\Healthy\Healthy (299).jpg,ethiopia_healthy
D:\Potato\_staging\ethiopia\root\Local\Healthy\Healthy (3).jpg,ethiopia_healthy
D:\Potato\_staging\ethiopia\root\Local\Healthy\Healthy (300).jpg,ethiopia_healthy
D:\Potato\_staging\ethiopia\root\Local\Healthy\Healthy (301).jpg,ethiopia_healthy
D:\Potato\_staging\ethiopia\root\Local\Healthy\Healthy (302).jpg,ethiopia_healthy
D:\Potato\_staging\ethiopia\root\Local\Healthy\Healthy (303).jpg,ethiopia_healthy
D:\Potato\_staging\ethiopia\root\Local\Healthy\Healthy (304).jpg,ethiopia_healthy
D:\Potato\_staging\ethiopia\root\Local\Healthy\Healthy (305).jpg,ethiopia_healthy
D:\Potato\_staging\ethiopia\root\Local\Healthy\Healthy (306).jpg,ethiopia_healthy
D:\Potato\_staging\ethiopia\root\Local\Healthy\Healthy (307).jpg,ethiopia_healthy
D:\Potato\_staging\ethiopia\root\Local\Healthy\Healthy (308).jpg,ethiopia_healthy
D:\Potato\_staging\ethiopia\root\Local\Healthy\Healthy (309).jpg,ethiopia_healthy
D:\Potato\_staging\ethiopia\root\Local\Healthy\Healthy (310).jpg,ethiopia_healthy
D:\Potato\_staging\ethiopia\root\Local\Healthy\Healthy (311).jpg,ethiopia_healthy
D:\Potato\_staging\ethiopia\root\Local\Healthy\Healthy (312).jpg,ethiopia_healthy
D:\Potato\_staging\ethiopia\root\Local\Healthy\Healthy (313).jpg,ethiopia_healthy
D:\Potato\_staging\ethiopia\root\Local\Healthy\Healthy (314).jpg,ethiopia_healthy
D:\Potato\_staging\ethiopia\root\Local\Healthy\Healthy (315).jpg,ethiopia_healthy
D:\Potato\_staging\ethiopia\root\Local\Healthy\Healthy (316).jpg,ethiopia_healthy
D:\Potato\_staging\ethiopia\root\Local\Healthy\Healthy (317).jpg,ethiopia_healthy
D:\Potato\_staging\ethiopia\root\Local\Healthy\Healthy (318).jpg,ethiopia_healthy
D:\Potato\_staging\ethiopia\root\Local\Healthy\Healthy (319).jpg,ethiopia_healthy
D:\Potato\_staging\ethiopia\root\Local\Healthy\Healthy (320).jpg,ethiopia_healthy
D:\Potato\_staging\ethiopia\root\Local\Healthy\Healthy (321).jpg,ethiopia_healthy
D:\Potato\_staging\ethiopia\root\Local\Healthy\Healthy (322).jpg,ethiopia_healthy
D:\Potato\_staging\ethiopia\root\Local\Healthy\Healthy (323).jpg,ethiopia_healthy
D:\Potato\_staging\ethiopia\root\Local\Healthy\Healthy (324).jpg,ethiopia_healthy
D:\Potato\_staging\ethiopia\root\Local\Healthy\Healthy (325).jpg,ethiopia_healthy
D:\Potato\_staging\ethiopia\root\Local\Healthy\Healthy (326).jpg,ethiopia_healthy
D:\Potato\_staging\ethiopia\root\Local\Healthy\Healthy (327).jpg,ethiopia_healthy
D:\Potato\_staging\ethiopia\root\Local\Healthy\Healthy (328).jpg,ethiopia_healthy
D:\Potato\_staging\ethiopia\root\Local\Healthy\Healthy (329).jpg,ethiopia_healthy
D:\Potato\_staging\ethiopia\root\Local\Healthy\Healthy (330).jpg,ethiopia_healthy
D:\Potato\_staging\ethiopia\root\Local\Healthy\Healthy (331).jpg,ethiopia_healthy
D:\Potato\_staging\ethiopia\root\Local\Healthy\Healthy (332).jpg,ethiopia_healthy
D:\Potato\_staging\ethiopia\root\Local\Healthy\Healthy (333).jpg,ethiopia_healthy
D:\Potato\_staging\ethiopia\root\Local\Healthy\Healthy (334).jpg,ethiopia_healthy
D:\Potato\_staging\ethiopia\root\Local\Healthy\Healthy (335).jpg,ethiopia_healthy
D:\Potato\_staging\ethiopia\root\Local\Healthy\Healthy (336).jpg,ethiopia_healthy
D:\Potato\_staging\ethiopia\root\Local\Healthy\Healthy (337).jpg,ethiopia_healthy
D:\Potato\_staging\ethiopia\root\Local\Healthy\Healthy (338).jpg,ethiopia_healthy
D:\Potato\_staging\ethiopia\root\Local\Healthy\Healthy (339).jpg,ethiopia_healthy
D:\Potato\_staging\ethiopia\root\Local\Healthy\Healthy (340).jpg,ethiopia_healthy
D:\Potato\_staging\ethiopia\root\Local\Healthy\Healthy (341).jpg,ethiopia_healthy
D:\Potato\_staging\ethiopia\root\Local\Healthy\Healthy (342).jpg,ethiopia_healthy
D:\Potato\_staging\ethiopia\root\Local\Healthy\Healthy (343).jpg,ethiopia_healthy
D:\Potato\_staging\ethiopia\root\Local\Healthy\Healthy (344).jpg,ethiopia_healthy
D:\Potato\_staging\ethiopia\root\Local\Healthy\Healthy (345).jpg,ethiopia_healthy
D:\Potato\_staging\ethiopia\root\Local\Healthy\Healthy (346).jpg,ethiopia_healthy
D:\Potato\_staging\ethiopia\root\Local\Healthy\Healthy (347).jpg,ethiopia_healthy
D:\Potato\_staging\ethiopia\root\Local\Healthy\Healthy (348).jpg,ethiopia_healthy
D:\Potato\_staging\ethiopia\root\Local\Healthy\Healthy (349).jpg,ethiopia_healthy
D:\Potato\_staging\ethiopia\root\Local\Healthy\Healthy (350).jpg,ethiopia_healthy
D:\Potato\_staging\ethiopia\root\Local\Healthy\Healthy (351).jpg,ethiopia_healthy
D:\Potato\_staging\ethiopia\root\Local\Healthy\Healthy (352).jpg,ethiopia_healthy
D:\Potato\_staging\ethiopia\root\Local\Healthy\Healthy (353).jpg,ethiopia_healthy
D:\Potato\_staging\ethiopia\root\Local\Healthy\Healthy (354).jpg,ethiopia_healthy
D:\Potato\_staging\ethiopia\root\Local\Healthy\Healthy (355).jpg,ethiopia_healthy
D:\Potato\_staging\ethiopia\root\Local\Healthy\Healthy (356).jpg,ethiopia_healthy
D:\Potato\_staging\ethiopia\root\Local\Healthy\Healthy (357).jpg,ethiopia_healthy
D:\Potato\_staging\ethiopia\root\Local\Healthy\Healthy (358).jpg,ethiopia_healthy
D:\Potato\_staging\ethiopia\root\Local\Healthy\Healthy (359).jpg,ethiopia_healthy
D:\Potato\_staging\ethiopia\root\Local\Healthy\Healthy (360).jpg,ethiopia_healthy
D:\Potato\_staging\ethiopia\root\Local\Healthy\Healthy (361).jpg,ethiopia_healthy
D:\Potato\_staging\ethiopia\root\Local\Healthy\Healthy (362).jpg,ethiopia_healthy
D:\Potato\_staging\ethiopia\root\Local\Healthy\Healthy (363).jpg,ethiopia_healthy
D:\Potato\_staging\ethiopia\root\Local\Healthy\Healthy (364).jpg,ethiopia_healthy
D:\Potato\_staging\ethiopia\root\Local\Healthy\Healthy (365).jpg,ethiopia_healthy
D:\Potato\_staging\ethiopia\root\Local\Healthy\Healthy (366).jpg,ethiopia_healthy
D:\Potato\_staging\ethiopia\root\Local\Healthy\Healthy (367).jpg,ethiopia_healthy
D:\Potato\_staging\ethiopia\root\Local\Healthy\Healthy (368).jpg,ethiopia_healthy
D:\Potato\_staging\ethiopia\root\Local\Healthy\Healthy (369).jpg,ethiopia_healthy
D:\Potato\_staging\ethiopia\root\Local\Healthy\Healthy (370).jpg,ethiopia_healthy
D:\Potato\_staging\ethiopia\root\Local\Healthy\Healthy (371).jpg,ethiopia_healthy
D:\Potato\_staging\ethiopia\root\Local\Healthy\Healthy (372).jpg,ethiopia_healthy
D:\Potato\_staging\ethiopia\root\Local\Healthy\Healthy (373).jpg,ethiopia_healthy
D:\Potato\_staging\ethiopia\root\Local\Healthy\Healthy (374).jpg,ethiopia_healthy
D:\Potato\_staging\ethiopia\root\Local\Healthy\Healthy (375).jpg,ethiopia_healthy
D:\Potato\_staging\ethiopia\root\Local\Healthy\Healthy (376).jpg,ethiopia_healthy
D:\Potato\_staging\ethiopia\root\Local\Healthy\Healthy (377).jpg,ethiopia_healthy
D:\Potato\_staging\ethiopia\root\Local\Healthy\Healthy (378).jpg,ethiopia_healthy
D:\Potato\_staging\ethiopia\root\Local\Healthy\Healthy (379).jpg,ethiopia_healthy
D:\Potato\_staging\ethiopia\root\Local\Healthy\Healthy (380).jpg,ethiopia_healthy
D:\Potato\_staging\ethiopia\root\Local\Healthy\Healthy (381).jpg,ethiopia_healthy
D:\Potato\_staging\ethiopia\root\Local\Healthy\Healthy (382).jpg,ethiopia_healthy
D:\Potato\_staging\ethiopia\root\Local\Healthy\Healthy (383).jpg,ethiopia_healthy
D:\Potato\_staging\ethiopia\root\Local\Healthy\Healthy (384).jpg,ethiopia_healthy
D:\Potato\_staging\ethiopia\root\Local\Healthy\Healthy (385).jpg,ethiopia_healthy
D:\Potato\_staging\ethiopia\root\Local\Healthy\Healthy (386).jpg,ethiopia_healthy
D:\Potato\_staging\ethiopia\root\Local\Healthy\Healthy (387).jpg,ethiopia_healthy
D:\Potato\_staging\ethiopia\root\Local\Healthy\Healthy (388).jpg,ethiopia_healthy
D:\Potato\_staging\ethiopia\root\Local\Healthy\Healthy (389).jpg,ethiopia_healthy
D:\Potato\_staging\ethiopia\root\Local\Healthy\Healthy (390).jpg,ethiopia_healthy
D:\Potato\_staging\ethiopia\root\Local\Healthy\Healthy (391).jpg,ethiopia_healthy
D:\Potato\_staging\ethiopia\root\Local\Healthy\Healthy (392).jpg,ethiopia_healthy
D:\Potato\_staging\ethiopia\root\Local\Healthy\Healthy (393).jpg,ethiopia_healthy
D:\Potato\_staging\ethiopia\root\Local\Healthy\Healthy (394).jpg,ethiopia_healthy
D:\Potato\_staging\ethiopia\root\Local\Healthy\Healthy (395).jpg,ethiopia_healthy
D:\Potato\_staging\ethiopia\root\Local\Healthy\Healthy (396).jpg,ethiopia_healthy
D:\Potato\_staging\ethiopia\root\Local\Healthy\Healthy (397).jpg,ethiopia_healthy
D:\Potato\_staging\ethiopia\root\Local\Healthy\Healthy (398).jpg,ethiopia_healthy
D:\Potato\_staging\ethiopia\root\Local\Healthy\Healthy (399).jpg,ethiopia_healthy
D:\Potato\_staging\ethiopia\root\Local\Healthy\Healthy (4).jpg,ethiopia_healthy
D:\Potato\_staging\ethiopia\root\Local\Healthy\Healthy (400).jpg,ethiopia_healthy
D:\Potato\_staging\ethiopia\root\Local\Healthy\Healthy (401).jpg,ethiopia_healthy
D:\Potato\_staging\ethiopia\root\Local\Healthy\Healthy (402).jpg,ethiopia_healthy
D:\Potato\_staging\ethiopia\root\Local\Healthy\Healthy (403).jpg,ethiopia_healthy
D:\Potato\_staging\ethiopia\root\Local\Healthy\Healthy (404).jpg,ethiopia_healthy
D:\Potato\_staging\ethiopia\root\Local\Healthy\Healthy (405).jpg,ethiopia_healthy
D:\Potato\_staging\ethiopia\root\Local\Healthy\Healthy (406).jpg,ethiopia_healthy
D:\Potato\_staging\ethiopia\root\Local\Healthy\Healthy (407).jpg,ethiopia_healthy
D:\Potato\_staging\ethiopia\root\Local\Healthy\Healthy (408).jpg,ethiopia_healthy
D:\Potato\_staging\ethiopia\root\Local\Healthy\Healthy (409).jpg,ethiopia_healthy
D:\Potato\_staging\ethiopia\root\Local\Healthy\Healthy (410).jpg,ethiopia_healthy
D:\Potato\_staging\ethiopia\root\Local\Healthy\Healthy (411).jpg,ethiopia_healthy
D:\Potato\_staging\ethiopia\root\Local\Healthy\Healthy (412).jpg,ethiopia_healthy
D:\Potato\_staging\ethiopia\root\Local\Healthy\Healthy (413).jpg,ethiopia_healthy
D:\Potato\_staging\ethiopia\root\Local\Healthy\Healthy (414).jpg,ethiopia_healthy
D:\Potato\_staging\ethiopia\root\Local\Healthy\Healthy (415).jpg,ethiopia_healthy
D:\Potato\_staging\ethiopia\root\Local\Healthy\Healthy (416).jpg,ethiopia_healthy
D:\Potato\_staging\ethiopia\root\Local\Healthy\Healthy (417).jpg,ethiopia_healthy
D:\Potato\_staging\ethiopia\root\Local\Healthy\Healthy (418).jpg,ethiopia_healthy
D:\Potato\_staging\ethiopia\root\Local\Healthy\Healthy (419).jpg,ethiopia_healthy
D:\Potato\_staging\ethiopia\root\Local\Healthy\Healthy (420).jpg,ethiopia_healthy
D:\Potato\_staging\ethiopia\root\Local\Healthy\Healthy (421).jpg,ethiopia_healthy
D:\Potato\_staging\ethiopia\root\Local\Healthy\Healthy (422).jpg,ethiopia_healthy
D:\Potato\_staging\ethiopia\root\Local\Healthy\Healthy (423).jpg,ethiopia_healthy
D:\Potato\_staging\ethiopia\root\Local\Healthy\Healthy (424).jpg,ethiopia_healthy
D:\Potato\_staging\ethiopia\root\Local\Healthy\Healthy (425).jpg,ethiopia_healthy
D:\Potato\_staging\ethiopia\root\Local\Healthy\Healthy (426).jpg,ethiopia_healthy
D:\Potato\_staging\ethiopia\root\Local\Healthy\Healthy (427).jpg,ethiopia_healthy
D:\Potato\_staging\ethiopia\root\Local\Healthy\Healthy (428).jpg,ethiopia_healthy
D:\Potato\_staging\ethiopia\root\Local\Healthy\Healthy (429).jpg,ethiopia_healthy
D:\Potato\_staging\ethiopia\root\Local\Healthy\Healthy (430).jpg,ethiopia_healthy
D:\Potato\_staging\ethiopia\root\Local\Healthy\Healthy (431).jpg,ethiopia_healthy
D:\Potato\_staging\ethiopia\root\Local\Healthy\Healthy (432).jpg,ethiopia_healthy
D:\Potato\_staging\ethiopia\root\Local\Healthy\Healthy (433).jpg,ethiopia_healthy
D:\Potato\_staging\ethiopia\root\Local\Healthy\Healthy (434).jpg,ethiopia_healthy
D:\Potato\_staging\ethiopia\root\Local\Healthy\Healthy (435).jpg,ethiopia_healthy
D:\Potato\_staging\ethiopia\root\Local\Healthy\Healthy (436).jpg,ethiopia_healthy
D:\Potato\_staging\ethiopia\root\Local\Healthy\Healthy (437).jpg,ethiopia_healthy
D:\Potato\_staging\ethiopia\root\Local\Healthy\Healthy (438).jpg,ethiopia_healthy
D:\Potato\_staging\ethiopia\root\Local\Healthy\Healthy (439).jpg,ethiopia_healthy
D:\Potato\_staging\ethiopia\root\Local\Healthy\Healthy (440).jpg,ethiopia_healthy
D:\Potato\_staging\ethiopia\root\Local\Healthy\Healthy (441).jpg,ethiopia_healthy
D:\Potato\_staging\ethiopia\root\Local\Healthy\Healthy (442).jpg,ethiopia_healthy
D:\Potato\_staging\ethiopia\root\Local\Healthy\Healthy (443).jpg,ethiopia_healthy
D:\Potato\_staging\ethiopia\root\Local\Healthy\Healthy (444).jpg,ethiopia_healthy
D:\Potato\_staging\ethiopia\root\Local\Healthy\Healthy (445).jpg,ethiopia_healthy
D:\Potato\_staging\ethiopia\root\Local\Healthy\Healthy (446).jpg,ethiopia_healthy
D:\Potato\_staging\ethiopia\root\Local\Healthy\Healthy (447).jpg,ethiopia_healthy
D:\Potato\_staging\ethiopia\root\Local\Healthy\Healthy (448).jpg,ethiopia_healthy
D:\Potato\_staging\ethiopia\root\Local\Healthy\Healthy (449).jpg,ethiopia_healthy
D:\Potato\_staging\ethiopia\root\Local\Healthy\Healthy (450).jpg,ethiopia_healthy
D:\Potato\_staging\ethiopia\root\Local\Healthy\Healthy (451).jpg,ethiopia_healthy
D:\Potato\_staging\ethiopia\root\Local\Healthy\Healthy (452).jpg,ethiopia_healthy
D:\Potato\_staging\ethiopia\root\Local\Healthy\Healthy (453).jpg,ethiopia_healthy
D:\Potato\_staging\ethiopia\root\Local\Healthy\Healthy (454).jpg,ethiopia_healthy
D:\Potato\_staging\ethiopia\root\Local\Healthy\Healthy (455).jpg,ethiopia_healthy
D:\Potato\_staging\ethiopia\root\Local\Healthy\Healthy (456).jpg,ethiopia_healthy
D:\Potato\_staging\ethiopia\root\Local\Healthy\Healthy (457).jpg,ethiopia_healthy
D:\Potato\_staging\ethiopia\root\Local\Healthy\Healthy (458).jpg,ethiopia_healthy
D:\Potato\_staging\ethiopia\root\Local\Healthy\Healthy (459).jpg,ethiopia_healthy
D:\Potato\_staging\ethiopia\root\Local\Healthy\Healthy (460).jpg,ethiopia_healthy
D:\Potato\_staging\ethiopia\root\Local\Healthy\Healthy (461).jpg,ethiopia_healthy
D:\Potato\_staging\ethiopia\root\Local\Healthy\Healthy (462).jpg,ethiopia_healthy
D:\Potato\_staging\ethiopia\root\Local\Healthy\Healthy (463).jpg,ethiopia_healthy
D:\Potato\_staging\ethiopia\root\Local\Healthy\Healthy (464).jpg,ethiopia_healthy
D:\Potato\_staging\ethiopia\root\Local\Healthy\Healthy (465).jpg,ethiopia_healthy
D:\Potato\_staging\ethiopia\root\Local\Healthy\Healthy (466).jpg,ethiopia_healthy
D:\Potato\_staging\ethiopia\root\Local\Healthy\Healthy (467).jpg,ethiopia_healthy
D:\Potato\_staging\ethiopia\root\Local\Healthy\Healthy (468).jpg,ethiopia_healthy
D:\Potato\_staging\ethiopia\root\Local\Healthy\Healthy (469).jpg,ethiopia_healthy
D:\Potato\_staging\ethiopia\root\Local\Healthy\Healthy (470).jpg,ethiopia_healthy
D:\Potato\_staging\ethiopia\root\Local\Healthy\Healthy (471).jpg,ethiopia_healthy
D:\Potato\_staging\ethiopia\root\Local\Healthy\Healthy (472).jpg,ethiopia_healthy
D:\Potato\_staging\ethiopia\root\Local\Healthy\Healthy (473).jpg,ethiopia_healthy
D:\Potato\_staging\ethiopia\root\Local\Healthy\Healthy (474).jpg,ethiopia_healthy
D:\Potato\_staging\ethiopia\root\Local\Healthy\Healthy (475).jpg,ethiopia_healthy
D:\Potato\_staging\ethiopia\root\Local\Healthy\Healthy (476).jpg,ethiopia_healthy
D:\Potato\_staging\ethiopia\root\Local\Healthy\Healthy (477).jpg,ethiopia_healthy
D:\Potato\_staging\ethiopia\root\Local\Healthy\Healthy (478).jpg,ethiopia_healthy
D:\Potato\_staging\ethiopia\root\Local\Healthy\Healthy (479).jpg,ethiopia_healthy
D:\Potato\_staging\ethiopia\root\Local\Healthy\Healthy (480).jpg,ethiopia_healthy
D:\Potato\_staging\ethiopia\root\Local\Healthy\Healthy (481).jpg,ethiopia_healthy
D:\Potato\_staging\ethiopia\root\Local\Healthy\Healthy (482).jpg,ethiopia_healthy
D:\Potato\_staging\ethiopia\root\Local\Healthy\Healthy (483).jpg,ethiopia_healthy
D:\Potato\_staging\ethiopia\root\Local\Healthy\Healthy (484).jpg,ethiopia_healthy
D:\Potato\_staging\ethiopia\root\Local\Healthy\Healthy (485).jpg,ethiopia_healthy
D:\Potato\_staging\ethiopia\root\Local\Healthy\Healthy (486).jpg,ethiopia_healthy
D:\Potato\_staging\ethiopia\root\Local\Healthy\Healthy (487).jpg,ethiopia_healthy
D:\Potato\_staging\ethiopia\root\Local\Healthy\Healthy (488).jpg,ethiopia_healthy
D:\Potato\_staging\ethiopia\root\Local\Healthy\Healthy (489).jpg,ethiopia_healthy
D:\Potato\_staging\ethiopia\root\Local\Healthy\Healthy (490).jpg,ethiopia_healthy
D:\Potato\_staging\ethiopia\root\Local\Healthy\Healthy (491).jpg,ethiopia_healthy
D:\Potato\_staging\ethiopia\root\Local\Healthy\Healthy (492).jpg,ethiopia_healthy
D:\Potato\_staging\ethiopia\root\Local\Healthy\Healthy (493).jpg,ethiopia_healthy
D:\Potato\_staging\ethiopia\root\Local\Healthy\Healthy (494).jpg,ethiopia_healthy
D:\Potato\_staging\ethiopia\root\Local\Healthy\Healthy (495).jpg,ethiopia_healthy
D:\Potato\_staging\ethiopia\root\Local\Healthy\Healthy (496).jpg,ethiopia_healthy
D:\Potato\_staging\ethiopia\root\Local\Healthy\Healthy (497).jpg,ethiopia_healthy
D:\Potato\_staging\ethiopia\root\Local\Healthy\Healthy (498).jpg,ethiopia_healthy
D:\Potato\_staging\ethiopia\root\Local\Healthy\Healthy (499).jpg,ethiopia_healthy
D:\Potato\_staging\ethiopia\root\Local\Healthy\Healthy (5).jpg,ethiopia_healthy
D:\Potato\_staging\ethiopia\root\Local\Healthy\Healthy (500).jpg,ethiopia_healthy
D:\Potato\_staging\ethiopia\root\Local\Healthy\Healthy (501).jpg,ethiopia_healthy
D:\Potato\_staging\ethiopia\root\Local\Healthy\Healthy (502).jpg,ethiopia_healthy
D:\Potato\_staging\ethiopia\root\Local\Healthy\Healthy (503).jpg,ethiopia_healthy
D:\Potato\_staging\ethiopia\root\Local\Healthy\Healthy (504).jpg,ethiopia_healthy
D:\Potato\_staging\ethiopia\root\Local\Healthy\Healthy (505).jpg,ethiopia_healthy
D:\Potato\_staging\ethiopia\root\Local\Healthy\Healthy (506).jpg,ethiopia_healthy
D:\Potato\_staging\ethiopia\root\Local\Healthy\Healthy (507).jpg,ethiopia_healthy
D:\Potato\_staging\ethiopia\root\Local\Healthy\Healthy (508).jpg,ethiopia_healthy
D:\Potato\_staging\ethiopia\root\Local\Healthy\Healthy (509).jpg,ethiopia_healthy
D:\Potato\_staging\ethiopia\root\Local\Healthy\Healthy (510).jpg,ethiopia_healthy
D:\Potato\_staging\ethiopia\root\Local\Healthy\Healthy (511).jpg,ethiopia_healthy
D:\Potato\_staging\ethiopia\root\Local\Healthy\Healthy (512).jpg,ethiopia_healthy
D:\Potato\_staging\ethiopia\root\Local\Healthy\Healthy (513).jpg,ethiopia_healthy
D:\Potato\_staging\ethiopia\root\Local\Healthy\Healthy (514).jpg,ethiopia_healthy
D:\Potato\_staging\ethiopia\root\Local\Healthy\Healthy (515).jpg,ethiopia_healthy
D:\Potato\_staging\ethiopia\root\Local\Healthy\Healthy (6).jpg,ethiopia_healthy
D:\Potato\_staging\ethiopia\root\Local\Healthy\Healthy (7).jpg,ethiopia_healthy
D:\Potato\_staging\ethiopia\root\Local\Healthy\Healthy (8).jpg,ethiopia_healthy
D:\Potato\_staging\ethiopia\root\Local\Healthy\Healthy (9).jpg,ethiopia_healthy
D:\Potato\_staging\ethiopia\root\Local\Late Blight\Late_Blight (449).jpg,ethiopia_late_blight
D:\Potato\_staging\ethiopia\root\Local\Late Blight\Late_Blight (450).jpg,ethiopia_late_blight
D:\Potato\_staging\ethiopia\root\Local\Late Blight\Late_Blight (451).jpg,ethiopia_late_blight
D:\Potato\_staging\ethiopia\root\Local\Late Blight\Late_Blight (452).jpg,ethiopia_late_blight
D:\Potato\_staging\ethiopia\root\Local\Late Blight\Late_Blight (453).jpg,ethiopia_late_blight
D:\Potato\_staging\ethiopia\root\Local\Late Blight\Late_Blight (454).jpg,ethiopia_late_blight
D:\Potato\_staging\ethiopia\root\Local\Late Blight\Late_Blight (455).jpg,ethiopia_late_blight
D:\Potato\_staging\ethiopia\root\Local\Late Blight\Late_Blight (456).jpg,ethiopia_late_blight
D:\Potato\_staging\ethiopia\root\Local\Late Blight\Late_Blight (457).jpg,ethiopia_late_blight
D:\Potato\_staging\ethiopia\root\Local\Late Blight\Late_Blight (458).jpg,ethiopia_late_blight
D:\Potato\_staging\ethiopia\root\Local\Late Blight\Late_Blight (459).jpg,ethiopia_late_blight
D:\Potato\_staging\ethiopia\root\Local\Late Blight\Late_Blight (460).jpg,ethiopia_late_blight
D:\Potato\_staging\ethiopia\root\Local\Late Blight\Late_Blight (461).jpg,ethiopia_late_blight
D:\Potato\_staging\ethiopia\root\Local\Late Blight\Late_Blight (462).jpg,ethiopia_late_blight
D:\Potato\_staging\ethiopia\root\Local\Late Blight\Late_Blight (463).jpg,ethiopia_late_blight
D:\Potato\_staging\ethiopia\root\Local\Late Blight\Late_Blight (464).jpg,ethiopia_late_blight
D:\Potato\_staging\ethiopia\root\Local\Late Blight\Late_Blight (465).jpg,ethiopia_late_blight
D:\Potato\_staging\ethiopia\root\Local\Late Blight\Late_Blight (466).jpg,ethiopia_late_blight
D:\Potato\_staging\ethiopia\root\Local\Late Blight\Late_Blight (467).jpg,ethiopia_late_blight
D:\Potato\_staging\ethiopia\root\Local\Late Blight\Late_Blight (468).jpg,ethiopia_late_blight
D:\Potato\_staging\ethiopia\root\Local\Late Blight\Late_Blight (469).jpg,ethiopia_late_blight
D:\Potato\_staging\ethiopia\root\Local\Late Blight\Late_Blight (470).jpg,ethiopia_late_blight
D:\Potato\_staging\ethiopia\root\Local\Late Blight\Late_Blight (471).jpg,ethiopia_late_blight
D:\Potato\_staging\ethiopia\root\Local\Late Blight\Late_Blight (472).jpg,ethiopia_late_blight
D:\Potato\_staging\ethiopia\root\Local\Late Blight\Late_Blight (473).jpg,ethiopia_late_blight
D:\Potato\_staging\ethiopia\root\Local\Late Blight\Late_Blight (474).jpg,ethiopia_late_blight
D:\Potato\_staging\ethiopia\root\Local\Late Blight\Late_Blight (475).jpg,ethiopia_late_blight
D:\Potato\_staging\ethiopia\root\Local\Late Blight\Late_Blight (476).jpg,ethiopia_late_blight
D:\Potato\_staging\ethiopia\root\Local\Late Blight\Late_Blight (477).jpg,ethiopia_late_blight
D:\Potato\_staging\ethiopia\root\Local\Late Blight\Late_Blight (478).jpg,ethiopia_late_blight
D:\Potato\_staging\ethiopia\root\Local\Late Blight\Late_Blight (479).jpg,ethiopia_late_blight
D:\Potato\_staging\ethiopia\root\Local\Late Blight\Late_Blight (480).jpg,ethiopia_late_blight
D:\Potato\_staging\ethiopia\root\Local\Late Blight\Late_Blight (481).jpg,ethiopia_late_blight
D:\Potato\_staging\ethiopia\root\Local\Late Blight\Late_Blight (482).jpg,ethiopia_late_blight
D:\Potato\_staging\ethiopia\root\Local\Late Blight\Late_Blight (483).jpg,ethiopia_late_blight
D:\Potato\_staging\ethiopia\root\Local\Late Blight\Late_Blight (484).jpg,ethiopia_late_blight
D:\Potato\_staging\ethiopia\root\Local\Late Blight\Late_Blight (485).jpg,ethiopia_late_blight
D:\Potato\_staging\ethiopia\root\Local\Late Blight\Late_Blight (486).jpg,ethiopia_late_blight
D:\Potato\_staging\ethiopia\root\Local\Late Blight\Late_Blight (487).jpg,ethiopia_late_blight
D:\Potato\_staging\ethiopia\root\Local\Late Blight\Late_Blight (488).jpg,ethiopia_late_blight
D:\Potato\_staging\ethiopia\root\Local\Late Blight\Late_Blight (489).jpg,ethiopia_late_blight
D:\Potato\_staging\ethiopia\root\Local\Late Blight\Late_Blight (490).jpg,ethiopia_late_blight
D:\Potato\_staging\ethiopia\root\Local\Late Blight\Late_Blight (491).jpg,ethiopia_late_blight
D:\Potato\_staging\ethiopia\root\Local\Late Blight\Late_Blight (492).jpg,ethiopia_late_blight
D:\Potato\_staging\ethiopia\root\Local\Late Blight\Late_Blight (493).jpg,ethiopia_late_blight
D:\Potato\_staging\ethiopia\root\Local\Late Blight\Late_Blight (494).jpg,ethiopia_late_blight
D:\Potato\_staging\ethiopia\root\Local\Late Blight\Late_Blight (495).jpg,ethiopia_late_blight
D:\Potato\_staging\ethiopia\root\Local\Late Blight\Late_Blight (496).jpg,ethiopia_late_blight
D:\Potato\_staging\ethiopia\root\Local\Late Blight\Late_Blight (497).jpg,ethiopia_late_blight
D:\Potato\_staging\ethiopia\root\Local\Late Blight\Late_Blight (498).jpg,ethiopia_late_blight
D:\Potato\_staging\ethiopia\root\Local\Late Blight\Late_Blight (499).jpg,ethiopia_late_blight
D:\Potato\_staging\ethiopia\root\Local\Late Blight\Late_Blight (500).jpg,ethiopia_late_blight
D:\Potato\_staging\ethiopia\root\Local\Late Blight\Late_Blight (501).jpg,ethiopia_late_blight
D:\Potato\_staging\ethiopia\root\Local\Late Blight\Late_Blight (502).jpg,ethiopia_late_blight
D:\Potato\_staging\ethiopia\root\Local\Late Blight\Late_Blight (503).jpg,ethiopia_late_blight
D:\Potato\_staging\ethiopia\root\Local\Late Blight\Late_Blight (504).jpg,ethiopia_late_blight
D:\Potato\_staging\ethiopia\root\Local\Late Blight\Late_Blight (505).jpg,ethiopia_late_blight
D:\Potato\_staging\ethiopia\root\Local\Late Blight\Late_Blight (506).jpg,ethiopia_late_blight
D:\Potato\_staging\ethiopia\root\Local\Late Blight\Late_Blight (507).jpg,ethiopia_late_blight
D:\Potato\_staging\ethiopia\root\Local\Late Blight\Late_Blight (508).jpg,ethiopia_late_blight
D:\Potato\_staging\ethiopia\root\Local\Late Blight\Late_Blight (509).jpg,ethiopia_late_blight
D:\Potato\_staging\ethiopia\root\Local\Late Blight\Late_Blight (510).jpg,ethiopia_late_blight
D:\Potato\_staging\ethiopia\root\Local\Late Blight\Late_Blight (511).jpg,ethiopia_late_blight
D:\Potato\_staging\ethiopia\root\Local\Late Blight\Late_Blight (512).jpg,ethiopia_late_blight
D:\Potato\_staging\ethiopia\root\Local\Late Blight\Late_Blight (513).jpg,ethiopia_late_blight
D:\Potato\_staging\ethiopia\root\Local\Late Blight\Late_Blight (514).jpg,ethiopia_late_blight
D:\Potato\_staging\ethiopia\root\Local\Late Blight\Late_Blight (515).jpg,ethiopia_late_blight
D:\Potato\_staging\bari\Potato Leaf Disease Dataset\Bacterial Soft Rot\orig_2.jpg,bari_bacterial_soft_rot
D:\Potato\_staging\bari\Potato Leaf Disease Dataset\Bacterial Soft Rot\orig_5.jpg,bari_bacterial_soft_rot
D:\Potato\_staging\bari\Potato Leaf Disease Dataset\Bacterial Soft Rot\orig_6.jpg,bari_bacterial_soft_rot
D:\Potato\_staging\bari\Potato Leaf Disease Dataset\Bacterial Soft Rot\orig_0.jpg,bari_bacterial_soft_rot
D:\Potato\_staging\bari\Potato Leaf Disease Dataset\Bacterial Soft Rot\orig_1.jpg,bari_bacterial_soft_rot
D:\Potato\_staging\bari\Potato Leaf Disease Dataset\Bacterial Soft Rot\orig_4.jpg,bari_bacterial_soft_rot
D:\Potato\_staging\bari\Potato Leaf Disease Dataset\Bacterial Soft Rot\orig_3.jpg,bari_bacterial_soft_rot
D:\Potato\_staging\bari\Potato Leaf Disease Dataset\Healthy\orig_10.jpg,bari_healthy
D:\Potato\_staging\bari\Potato Leaf Disease Dataset\Healthy\orig_14.jpg,bari_healthy
D:\Potato\_staging\bari\Potato Leaf Disease Dataset\Healthy\orig_11.jpg,bari_healthy
D:\Potato\_staging\bari\Potato Leaf Disease Dataset\Healthy\orig_13.jpg,bari_healthy
D:\Potato\_staging\bari\Potato Leaf Disease Dataset\Healthy\orig_6.jpg,bari_healthy
D:\Potato\_staging\bari\Potato Leaf Disease Dataset\Healthy\orig_5.jpg,bari_healthy
D:\Potato\_staging\bari\Potato Leaf Disease Dataset\Healthy\orig_12.jpg,bari_healthy
D:\Potato\_staging\bari\Potato Leaf Disease Dataset\Healthy\orig_15.jpg,bari_healthy
D:\Potato\_staging\bari\Potato Leaf Disease Dataset\Healthy\orig_9.jpg,bari_healthy
D:\Potato\_staging\bari\Potato Leaf Disease Dataset\Healthy\orig_7.jpg,bari_healthy
D:\Potato\_staging\bari\Potato Leaf Disease Dataset\Healthy\orig_3.jpg,bari_healthy
D:\Potato\_staging\bari\Potato Leaf Disease Dataset\Healthy\orig_8.jpg,bari_healthy
D:\Potato\_staging\bari\Potato Leaf Disease Dataset\Healthy\orig_4.jpg,bari_healthy
D:\Potato\_staging\bari\Potato Leaf Disease Dataset\Healthy\orig_2.jpg,bari_healthy
D:\Potato\_staging\bari\Potato Leaf Disease Dataset\Viral Leaf Roll\orig_30.jpg,bari_viral_leaf_roll
D:\Potato\_staging\bari\Potato Leaf Disease Dataset\Viral Leaf Roll\orig_32.jpg,bari_viral_leaf_roll
D:\Potato\_staging\bari\Potato Leaf Disease Dataset\Viral Leaf Roll\orig_20.jpg,bari_viral_leaf_roll
D:\Potato\_staging\bari\Potato Leaf Disease Dataset\Viral Leaf Roll\orig_18.jpg,bari_viral_leaf_roll
D:\Potato\_staging\bari\Potato Leaf Disease Dataset\Viral Leaf Roll\orig_29.jpg,bari_viral_leaf_roll
D:\Potato\_staging\bari\Potato Leaf Disease Dataset\Viral Leaf Roll\orig_25.jpg,bari_viral_leaf_roll
D:\Potato\_staging\bari\Potato Leaf Disease Dataset\Viral Leaf Roll\orig_17.jpg,bari_viral_leaf_roll
D:\Potato\_staging\bari\Potato Leaf Disease Dataset\Viral Leaf Roll\orig_21.jpg,bari_viral_leaf_roll
D:\Potato\_staging\bari\Potato Leaf Disease Dataset\Healthy\orig_1.jpg,bari_healthy
D:\Potato\_staging\bari\Potato Leaf Disease Dataset\Viral Leaf Roll\orig_28.jpg,bari_viral_leaf_roll
D:\Potato\_staging\bari\Potato Leaf Disease Dataset\Viral Leaf Roll\orig_26.jpg,bari_viral_leaf_roll
D:\Potato\_staging\bari\Potato Leaf Disease Dataset\Viral Leaf Roll\orig_24.jpg,bari_viral_leaf_roll
D:\Potato\_staging\bari\Potato Leaf Disease Dataset\Viral Leaf Roll\orig_19.jpg,bari_viral_leaf_roll
D:\Potato\_staging\bari\Potato Leaf Disease Dataset\Viral Leaf Roll\orig_15.jpg,bari_viral_leaf_roll
D:\Potato\_staging\bari\Potato Leaf Disease Dataset\Viral Leaf Roll\orig_27.jpg,bari_viral_leaf_roll
D:\Potato\_staging\bari\Potato Leaf Disease Dataset\Viral Leaf Roll\orig_23.jpg,bari_viral_leaf_roll
D:\Potato\_staging\bari\Potato Leaf Disease Dataset\Viral Leaf Roll\orig_22.jpg,bari_viral_leaf_roll
D:\Potato\_staging\bari\Potato Leaf Disease Dataset\Viral Leaf Roll\orig_16.jpg,bari_viral_leaf_roll
D:\Potato\_staging\bari\Potato Leaf Disease Dataset\Viral Leaf Roll\orig_31.jpg,bari_viral_leaf_roll
D:\Potato\_staging\bari\Potato Leaf Disease Dataset\Viral Leaf Roll\orig_14.jpg,bari_viral_leaf_roll
D:\Potato\_staging\bari\Potato Leaf Disease Dataset\Viral Leaf Roll\orig_11.jpg,bari_viral_leaf_roll
D:\Potato\_staging\bari\Potato Leaf Disease Dataset\Viral Leaf Roll\orig_3.jpg,bari_viral_leaf_roll
D:\Potato\_staging\bari\Potato Leaf Disease Dataset\Healthy\orig_0.jpg,bari_healthy
D:\Potato\_staging\bari\Potato Leaf Disease Dataset\Viral Leaf Roll\orig_10.jpg,bari_viral_leaf_roll
D:\Potato\_staging\bari\Potato Leaf Disease Dataset\Viral Leaf Roll\orig_13.jpg,bari_viral_leaf_roll
D:\Potato\_staging\bari\Potato Leaf Disease Dataset\Viral Leaf Roll\orig_4.jpg,bari_viral_leaf_roll
D:\Potato\_staging\bari\Potato Leaf Disease Dataset\Viral Leaf Roll\orig_5.jpg,bari_viral_leaf_roll
D:\Potato\_staging\bari\Potato Leaf Disease Dataset\Viral Leaf Roll\orig_6.jpg,bari_viral_leaf_roll
D:\Potato\_staging\bari\Potato Leaf Disease Dataset\Viral Leaf Roll\orig_9.jpg,bari_viral_leaf_roll
D:\Potato\_staging\bari\Potato Leaf Disease Dataset\Viral Leaf Roll\orig_8.jpg,bari_viral_leaf_roll
D:\Potato\_staging\bari\Potato Leaf Disease Dataset\Viral Leaf Roll\orig_7.jpg,bari_viral_leaf_roll
D:\Potato\_staging\bari\Potato Leaf Disease Dataset\Viral Leaf Roll\orig_1.jpg,bari_viral_leaf_roll
D:\Potato\_staging\bari\Potato Leaf Disease Dataset\Viral Leaf Roll\orig_2.jpg,bari_viral_leaf_roll
D:\Potato\_staging\bari\Potato Leaf Disease Dataset\Viral Leaf Roll\orig_12.jpg,bari_viral_leaf_roll
D:\Potato\_staging\bari\Potato Leaf Disease Dataset\Viral Leaf Roll\orig_0.jpg,bari_viral_leaf_roll
D:\Potato\_staging\bari\Potato Leaf Disease Dataset\Viral PVY\orig_0.jpg,bari_viral_pvy
D:\Potato\_staging\bari\Potato Leaf Disease Dataset\Viral PVY\orig_1.jpg,bari_viral_pvy
D:\Potato\_staging\bari\Potato Leaf Disease Dataset\Fungal Late Blight\orig_7.jpg,bari_fungal_late_blight
D:\Potato\_staging\bari\Potato Leaf Disease Dataset\Fungal Late Blight\orig_8.jpg,bari_fungal_late_blight
D:\Potato\_staging\bari\Potato Leaf Disease Dataset\Fungal Late Blight\orig_3.jpg,bari_fungal_late_blight
D:\Potato\_staging\bari\Potato Leaf Disease Dataset\Fungal Late Blight\orig_9.jpg,bari_fungal_late_blight
D:\Potato\_staging\bari\Potato Leaf Disease Dataset\Fungal Late Blight\orig_2.jpg,bari_fungal_late_blight
D:\Potato\_staging\bari\Potato Leaf Disease Dataset\Fungal Late Blight\orig_6.jpg,bari_fungal_late_blight
D:\Potato\_staging\bari\Potato Leaf Disease Dataset\Fungal Late Blight\orig_1.jpg,bari_fungal_late_blight
D:\Potato\_staging\bari\Potato Leaf Disease Dataset\Fungal Late Blight\orig_0.jpg,bari_fungal_late_blight
D:\Potato\_staging\bari\Potato Leaf Disease Dataset\Fungal Late Blight\orig_5.jpg,bari_fungal_late_blight
D:\Potato\_staging\bari\Potato Leaf Disease Dataset\Fungal Late Blight\orig_4.jpg,bari_fungal_late_blight
D:\Potato\_staging\bari\Potato Leaf Disease Dataset\Fungal Late Blight\orig_19.jpg,bari_fungal_late_blight
D:\Potato\_staging\bari\Potato Leaf Disease Dataset\Fungal Late Blight\orig_17.jpg,bari_fungal_late_blight
D:\Potato\_staging\bari\Potato Leaf Disease Dataset\Fungal Late Blight\orig_18.jpg,bari_fungal_late_blight
D:\Potato\_staging\bari\Potato Leaf Disease Dataset\Fungal Late Blight\orig_16.jpg,bari_fungal_late_blight
D:\Potato\_staging\bari\Potato Leaf Disease Dataset\Viral PVX\orig_5.jpg,bari_viral_pvx
D:\Potato\_staging\bari\Potato Leaf Disease Dataset\Fungal Late Blight\orig_15.jpg,bari_fungal_late_blight
D:\Potato\_staging\bari\Potato Leaf Disease Dataset\Fungal Late Blight\orig_14.jpg,bari_fungal_late_blight
D:\Potato\_staging\bari\Potato Leaf Disease Dataset\Viral PVX\orig_4.jpg,bari_viral_pvx
D:\Potato\_staging\bari\Potato Leaf Disease Dataset\Viral PVX\orig_3.jpg,bari_viral_pvx
D:\Potato\_staging\bari\Potato Leaf Disease Dataset\Fungal Late Blight\orig_13.jpg,bari_fungal_late_blight
D:\Potato\_staging\bari\Potato Leaf Disease Dataset\Viral PVX\orig_2.jpg,bari_viral_pvx
D:\Potato\_staging\bari\Potato Leaf Disease Dataset\Fungal Late Blight\orig_12.jpg,bari_fungal_late_blight
D:\Potato\_staging\bari\Potato Leaf Disease Dataset\Viral PVX\orig_1.jpg,bari_viral_pvx
D:\Potato\_staging\bari\Potato Leaf Disease Dataset\Fungal Late Blight\orig_11.jpg,bari_fungal_late_blight
D:\Potato\_staging\bari\Potato Leaf Disease Dataset\Fungal Late Blight\orig_10.jpg,bari_fungal_late_blight
D:\Potato\_staging\bari\Potato Leaf Disease Dataset\Viral PVX\orig_0.jpg,bari_viral_pvx
